{
    "loss": 1.0156863927841187,
    "accuracy": 0.8305084705352783
}