{
    "loss": 18.992918014526367,
    "accuracy": 0.7711864113807678
}