{
    "loss": 21.702348709106445,
    "accuracy": 0.9406779408454895
}